id;contract_id;document_date;document_title;url
89c3fa61-b051-4727-b149-4c38b4d4c6f8;5a9836ff-ebae-454e-ad95-5fa2def408de;2019-07-20;Копия договора;127.0.0.1\docs\89c3fa61-b051-4727-b149-4c38b4d4c6f8.pdf
673b03e0-8c6e-4715-86d1-82c099b8bdbb;5d7da446-f983-4270-a5ef-1f060a109150;2019-07-20;Копия договора;127.0.0.1\docs\89c3fa61-b051-4727-b149-4c38b4d4c6f8.pdf
4e30d792-2ebd-4c3c-af96-4592f13a5358;80526e79-6076-468c-b031-35a7f607a6f1;2019-07-20;Копия договора;127.0.0.1\docs\89c3fa61-b051-4727-b149-4c38b4d4c6f8.pdf
5a6b44b9-6b31-40d7-b267-759d58190302;f176aecd-ecd9-4a3f-906a-82ab6011d747;2019-07-20;Копия договора;127.0.0.1\docs\89c3fa61-b051-4727-b149-4c38b4d4c6f8.pdf
9d543a57-a42c-4844-9950-6299018f0f08;815ae326-6cd9-4cb2-bd43-e478fdbe60a1;2019-07-20;Копия договора;127.0.0.1\docs\89c3fa61-b051-4727-b149-4c38b4d4c6f8.pdf
22f668f0-86da-42d0-8e7e-5fd8540ccb7c;d3df82a4-cb70-45bb-8416-85594dd42442;2019-07-20;Копия договора;127.0.0.1\docs\89c3fa61-b051-4727-b149-4c38b4d4c6f8.pdf
e649f694-93cb-420e-a796-4efdcc7434a4;d4ccfb3c-a5a0-45bc-831c-88e8a5e4ba7d;2019-07-20;Копия договора;127.0.0.1\docs\89c3fa61-b051-4727-b149-4c38b4d4c6f8.pdf
6b69ff1b-6250-41b8-9cfc-109a42f81852;5a9836ff-ebae-454e-ad95-5fa2def408de;2019-07-20;Квитанция для оплаты за июль 2019;127.0.0.1\docs\6b69ff1b-6250-41b8-9cfc-109a42f81852.pdf
bd5d99e5-503d-45d9-aa69-52b83aca5721;5d7da446-f983-4270-a5ef-1f060a109150;2019-07-20;Квитанция для оплаты за июль 2019;127.0.0.1\docs\6b69ff1b-6250-41b8-9cfc-109a42f81852.pdf
eabd6405-da77-4ade-8a87-0c693262cd3a;80526e79-6076-468c-b031-35a7f607a6f1;2019-07-20;Квитанция для оплаты за июль 2019;127.0.0.1\docs\6b69ff1b-6250-41b8-9cfc-109a42f81852.pdf
557504ce-acbe-4d1e-80ad-60151435b627;f176aecd-ecd9-4a3f-906a-82ab6011d747;2019-07-20;Квитанция для оплаты за июль 2019;127.0.0.1\docs\6b69ff1b-6250-41b8-9cfc-109a42f81852.pdf
c8466d81-c9ae-46db-b85e-333e57371d1d;815ae326-6cd9-4cb2-bd43-e478fdbe60a1;2019-07-20;Квитанция для оплаты за июль 2019;127.0.0.1\docs\6b69ff1b-6250-41b8-9cfc-109a42f81852.pdf
d49b2882-c00d-47ea-a28c-02e44c829be1;d3df82a4-cb70-45bb-8416-85594dd42442;2019-07-20;Квитанция для оплаты за июль 2019;127.0.0.1\docs\6b69ff1b-6250-41b8-9cfc-109a42f81852.pdf
875ae2b4-32e6-477e-9f7c-0af3671fd57c;d4ccfb3c-a5a0-45bc-831c-88e8a5e4ba7d;2019-07-20;Квитанция для оплаты за июль 2019;127.0.0.1\docs\6b69ff1b-6250-41b8-9cfc-109a42f81852.pdf
